"title"	"post_id"	"url"	"bpm_property"	"effective_bpm"	"bpm_source"	"bpm_confidence"	"master_duration_milliseconds"	"lyric_timing_status"	"lyric_timing_eligible"	"lyric_timing_path"	"cue_timing_path"	"proposed_action"
												""
										"Dying for a Diagnosis/lyric-timing-2026-08-31/synced-lyrics-estimated.lrc"		"set_bpm,set_master_duration,upload_or_reuse_lyric_timing"
												""
										"Santa Flies Tonight/lyric-timing-2026-08-31/master-improvement-check/synced-lyrics-estimated.lrc"		"upload_or_reuse_lyric_timing"
												""
										"Presents & Chocolate/lyric-timing-2026-08-31/master-improvement-check/synced-lyrics-estimated.lrc"		"set_bpm,set_master_duration,upload_or_reuse_lyric_timing"
										"Fighting Entropy/lyric-timing-2026-08-26/synced-lyrics-estimated.lrc"		"upload_or_reuse_lyric_timing"
										"November Christmas/lyric-timing-2026-08-31/master-improvement-check/synced-lyrics-estimated.lrc"		"upload_or_reuse_lyric_timing"
										"PBXin'/timing-alignment/v1/synced-lyrics-estimated.lrc"		"upload_or_reuse_lyric_timing"
										"Made from the clay and the stars/made from the clay and the stars - corrected metadata.lrc"	"Made from the clay and the stars/made from the clay and the stars - musical cues.lrc"	"set_bpm,set_master_duration,upload_or_reuse_lyric_timing,upload_or_reuse_cue_timing"
										"Blame Putin/lyric-timing-2026-08-31/master-improvement-check/synced-lyrics-estimated.lrc"		"upload_or_reuse_lyric_timing"
										"Paper dreams from the sky/lyric-timing-2026-08-28/synced-lyrics-estimated.lrc"		"upload_or_reuse_lyric_timing"
										"Silly Sausage Britain/lyric-timing-2026-08-31/master-recheck/synced-lyrics-estimated.lrc"		"upload_or_reuse_lyric_timing"
										"Arcadians/lyric-timing-2026-08-26/synced-lyrics-estimated.lrc"		"upload_or_reuse_lyric_timing"
												""
										"The Truth is a Virus/lyric-timing-2026-08-31/master-improvement-check/synced-lyrics-estimated.lrc"		"upload_or_reuse_lyric_timing"
												""
												""
												""
												""
												""
												""
												""
												""
												""
												""
												""
												""
												""
												""
												""
												""
												""
												""
												""
												""
												""
												""
												""
												""
												""
												""
												""
												""
												""
												""
												""
